Workbook

Sheet Summary
A1: X-Retina FYP-I - Team workplan tracker
A2: Aiman -> Maheen -> Amna | Progress below updates automatically from the Status columns
A4: Section | B4: Total | C4: Not started | D4: In progress | E4: Blocked | F4: Done | G4: % Done
A5: Phase 0 - Setup | B5: =COUNTA(Phase0_Setup!$F$4:$F$10) -> 7 | C5: =COUNTIF(Phase0_Setup!$F$4:$F$10,"Not started") -> 7 | D5: =COUNTIF(Phase0_Setup!$F$4:$F$10,"In progress") -> 0 | E5: =COUNTIF(Phase0_Setup!$F$4:$F$10,"Blocked") -> 0 | F5: =COUNTIF(Phase0_Setup!$F$4:$F$10,"Done") -> 0 | G5: =IF(B5=0,0,F5/B5) -> 0
A6: Phase 1 - Dependent chain | B6: =COUNTA(Phase1_Chain!$I$4:$I$7) -> 4 | C6: =COUNTIF(Phase1_Chain!$I$4:$I$7,"Not started") -> 4 | D6: =COUNTIF(Phase1_Chain!$I$4:$I$7,"In progress") -> 0 | E6: =COUNTIF(Phase1_Chain!$I$4:$I$7,"Blocked") -> 0 | F6: =COUNTIF(Phase1_Chain!$I$4:$I$7,"Done") -> 0 | G6: =IF(B6=0,0,F6/B6) -> 0
A9: Phase 1 by owner | B9: Steps assigned | C9: Done | D9: % Done
A10: Aiman | B10: =COUNTIF(Phase1_Chain!$B$4:$B$7,A10) -> 2 | C10: =COUNTIFS(Phase1_Chain!$B$4:$B$7,A10,Phase1_Chain!$I$4:$I$7,"Done") -> 0 | D10: =IF(B10=0,0,C10/B10) -> 0
A11: Maheen | B11: =COUNTIF(Phase1_Chain!$B$4:$B$7,A11) -> 1 | C11: =COUNTIFS(Phase1_Chain!$B$4:$B$7,A11,Phase1_Chain!$I$4:$I$7,"Done") -> 0 | D11: =IF(B11=0,0,C11/B11) -> 0
A12: Amna | B12: =COUNTIF(Phase1_Chain!$B$4:$B$7,A12) -> 1 | C12: =COUNTIFS(Phase1_Chain!$B$4:$B$7,A12,Phase1_Chain!$I$4:$I$7,"Done") -> 0 | D12: =IF(B12=0,0,C12/B12) -> 0
A15: How to use
A16: 1. Blue text = cells you edit: Status (dropdown), Date Done (format 08-Oct-2026) and Notes.
A17: 2. Black text = formulas or fixed plan content. Do not overwrite.
A18: 3. Work top to bottom: Phase 0 first, then Phase 1 steps in order. A step starts only after the previous owner's pull request is merged.
A19: 4. Owner colours: Aiman = blue, Maheen = green, Amna = orange, Everyone = grey.
A20: 5. Plan assumptions: plain EfficientNet-B4 is the FYP-I baseline; stratified APTOS split; EyePACS subset of about 10-15k images; 380x380 training size. Change them with your supervisor if needed.

Sheet Phase0_Setup
A1: Phase 0 - One-time setup (before any coding)
A2: X-Retina FYP-I | Blue cells are for you to edit (Status, Date Done, Notes)
A3: # | B3: Task | C3: Owner | D3: How | E3: Done when | F3: Status | G3: Date Done | H3: Notes
A4: 0.1 | B4: Create the private GitHub repo 'x-retina' | C4: Aiman | D4: Exact commands come with the scaffold | E4: Repo exists with the first commit | F4: Not started
A5: 0.2 | B5: Invite teammates as collaborators | C5: Aiman | D5: Repo > Settings > Collaborators | E5: Maheen and Amna both accept | F5: Not started
A6: 0.3 | B6: Create shared Drive folder XRetina_Shared/ with subfolders processed/, splits/, checkpoints/, outputs/ | C6: Aiman | D6: Share with both as Editor | E6: Both can see it under 'Shared with me' | F6: Not started
A7: 0.4 | B7: Add the Drive folder as a shortcut in My Drive | C7: Everyone | D7: Right-click > Add shortcut to Drive | E7: Folder appears in each person's Colab file panel | F7: Not started
A8: 0.5 | B8: Create a Kaggle API token and save it in Colab Secrets (never commit it) | C8: Everyone | D8: Kaggle > Settings > Create New Token | E8: 'kaggle datasets list' works in Colab | F8: Not started
A9: 0.6 | B9: Create a GitHub personal access token (repo scope) and save it in Colab Secrets | C9: Everyone | D9: GitHub > Settings > Developer settings | E9: 'git clone' works inside Colab | F9: Not started
A10: 0.7 | B10: Run the bootstrap cell (mount Drive, clone repo, install requirements) at the top of every notebook | C10: Everyone | D10: Cell provided in the repo | E10: Same code runs for all three | F10: Not started
A12: Note: 'Everyone' rows (0.4-0.7) must be completed by all three members; track in Notes who is still pending.
A13: Storage warning: free Drive quota is 15 GB. Raw Kaggle downloads stay on Colab's local /content disk, never on Drive. Only processed images, the splits CSV and checkpoints go to the shared Drive, so keep the EyePACS subset small.

Sheet Phase1_Chain
A1: Phase 1 - Dependent chain (who passes to whom)
A2: Due dates follow the FAST NUCES FYP-I Fall 2026 calendar (end of the stated academic week). Blue cells are for you to edit.
A3: Step | B3: Owner | C3: Task | D3: Receives from | E3: Hands off | F3: Calendar week | G3: Due date | H3: Done when | I3: Status | J3: Date Done | K3: Days left | L3: Notes
A4: 1 | B4: Aiman | C4: Download APTOS and the EyePACS subset; apply circular crop, CLAHE and resize; build stratified train/val/test split | D4: Phase 0 complete | E4: Processed images in Drive processed/, splits/manifest.csv (path, label, split), merged PR | F4: Week 8 (5-11 Oct) | G4: 46306 | H4: Notebook runs end to end from a fresh Colab, class counts printed, Maheen confirms she can open the data | I4: Not started | K4: =IF(I4="Done","",G4-TODAY()) -> 7
A5: 2 | B5: Maheen | C5: Build dataloaders and augmentations, training engine (scheduler, early stopping, checkpointing on validation), and metrics (accuracy, QWK, per-class recall, confusion matrix) | D5: Aiman's manifest.csv and processed data | E5: Tested trainer, metrics module and config file, merged to main | F5: Week 9 (12-18 Oct) | G5: 46313 | H5: Smoke test trains 1-2 epochs on a small subset with no errors | I5: Not started | K5: =IF(I5="Done","",G5-TODAY()) -> 14
A6: 3 | B6: Amna | C6: Train and validate baseline EfficientNet-B4 on APTOS, then on the EyePACS subset; record results | D6: Maheen's trainer, metrics and configs | E6: Checkpoints in Drive checkpoints/, results table, intermediate-results summary | F6: Week 10 (19-25 Oct) | G6: 46320 | H6: Baseline QWK and accuracy logged - this is the working prototype for the graded Week 10 checkpoint | I6: Not started | K6: =IF(I6="Done","",G6-TODAY()) -> 21
A7: 4 | B7: Aiman | C7: In parallel after Step 1: implement Focal Loss and SMOTE on backbone embeddings; compare against cross-entropy | D7: Maheen's trainer (Step 2) | E7: Losses and imbalance modules in src/, merged | F7: Weeks 9-12 (12 Oct-8 Nov) | G7: 46334 | H7: Comparison table ready for the mid-term evaluation (6-8 Nov) | I7: Not started | K7: =IF(I7="Done","",G7-TODAY()) -> 35
A9: Days left = Due date minus today (recalculates automatically; blank once Status is Done; negative means overdue).
A10: Source: due dates are the last day of the calendar weeks in FAST_NUCES_FYP-1_Weekly_Calendar_Fall_2026.pdf. Step 4 spans Weeks 9-12 and ends 8 Nov (end of Week 12, mid-term evaluation window).

Sheet Handoff_Rules
A1: Handoff rules
A2: So nobody waits on, or breaks, anyone else's work
A3: # | B3: Rule | C3: Why
A4: 1 | B4: Code travels by GitHub; data and checkpoints travel by Drive - never the other way | C4: The data folder is gitignored, and notebooks stay small and mergeable
A5: 2 | B5: Each step ends with a pull request into main; the next person starts only after it is merged | C5: Everyone builds on the same code
A6: 3 | B6: The giver posts a short note in the repo (what was done, file paths, anything to watch for) and tags the next person | C6: The receiver does not have to guess
A7: 4 | B7: Never edit someone else's step branch. Use your own: aiman/data, maheen/trainer, amna/baseline | C7: Avoids merge conflicts
A8: 5 | B8: Start every Colab session with git pull | C8: Everyone sees the latest code
